name,name_ta,state,lat,lon,rice_area_ha
Thanjavur,தஞ்சாவூர்,Tamil Nadu,10.787,79.138,
Tiruvarur,திருவாரூர்,Tamil Nadu,10.773,79.637,
Nagapattinam,நாகப்பட்டினம்,Tamil Nadu,10.766,79.843,
Mayiladuthurai,மயிலாடுதுறை,Tamil Nadu,11.102,79.652,
Tiruchirappalli,திருச்சிராப்பள்ளி,Tamil Nadu,10.805,78.686,
Pudukkottai,புதுக்கோட்டை,Tamil Nadu,10.381,78.821,
Cuddalore,கடலூர்,Tamil Nadu,11.748,79.768,
Viluppuram,விழுப்புரம்,Tamil Nadu,11.940,79.492,
Kallakurichi,கள்ளக்குறிச்சி,Tamil Nadu,11.738,78.959,
Kanchipuram,காஞ்சிபுரம்,Tamil Nadu,12.834,79.703,
Chengalpattu,செங்கல்பட்டு,Tamil Nadu,12.692,79.977,
Tiruvallur,திருவள்ளூர்,Tamil Nadu,13.144,79.909,
Ramanathapuram,இராமநாதபுரம்,Tamil Nadu,9.371,78.830,
Sivaganga,சிவகங்கை,Tamil Nadu,9.847,78.483,
Madurai,மதுரை,Tamil Nadu,9.925,78.120,
Tirunelveli,திருநெல்வேலி,Tamil Nadu,8.714,77.757,
Erode,ஈரோடு,Tamil Nadu,11.341,77.717,
