month,report_url,rice_blast_statement,districts_named,usable_for_pilot
2024-01,https://agritech.tnau.ac.in/crop_protection/pdf/2024/CPPS-PSR%20Report-January%202024.pdf,Blast Blast disease is observed in rice crops grown in Coimbatore and Kanyakumari districts.,Coimbatore; Kanyakumari,outside pilot
2024-02,https://agritech.tnau.ac.in/crop_protection/pdf/2024/CPPS%20-%20Pest%20Forecast%20Report%20-%20Feb.2024.pdf,"Blast Blast disease is observed in rice crops grown in Coimbatore, Krishnagiri and Kanyakumari districts.",Coimbatore; Krishnagiri; Kanyakumari,outside pilot
2024-03,https://agritech.tnau.ac.in/crop_protection/pdf/2024/05.%20CPPS-PSR%20Report-March%202024.pdf,,,no rice blast observation reported
2024-04,https://agritech.tnau.ac.in/crop_protection/pdf/2024/CPPS-PSR%20-April%202024.pdf,,,no rice blast observation reported
2024-05,https://agritech.tnau.ac.in/crop_protection/pdf/2024/CPPS-PSR%20Report-May%202024.pdf,,,no rice blast observation reported
2024-06,https://agritech.tnau.ac.in/crop_protection/pdf/2024/CPPS-Pest%20Forecast%20Report%20-June%202024.pdf,"Neck blast, brown spot and sheath rot were noticed from 7 to 15 per cent in different rice growing areas of Thiruvarur district.",Tiruvarur,"pilot district (month only; neck blast, brown spot and sheath rot reported together)"
2024-07,https://agritech.tnau.ac.in/crop_protection/pdf/2024/05.%20Pest%20Forecast%20Report%20july%202024.pdf,,,no rice blast observation reported
2024-08,https://agritech.tnau.ac.in/crop_protection/pdf/2024/05.%20Pest%20Forecast%20Report.pdf,,,no rice blast observation reported
2024-09,https://agritech.tnau.ac.in/crop_protection/pdf/2024/Pest%20Forecast%20Report-%20Sep.2024.pdf,,,no rice blast observation reported
2024-10,https://agritech.tnau.ac.in/crop_protection/pdf/2024/04.%20Pest%20Forecast%20Report%20october%202024.pdf,Blast and bacterial leaf blight (BLB) diseases are observed in major rice growing districts of Tamil Nadu.,,"statewide, no district named"
2024-11,https://agritech.tnau.ac.in/crop_protection/pdf/2024/Pest%20Forecast%20Report%20November%202024.pdf,Blast and bacterial leaf blight (BLB) diseases are observed in major rice growing districts of Tamil Nadu due to the prevailing weather conditions.,,"statewide, no district named"
2024-12,https://agritech.tnau.ac.in/crop_protection/pdf/2024/05.%20Pest%20Forecast%20Report%20December%202024.pdf,"Blast, bacterial leaf blight (BLB) and false smut diseases are observed in major rice - growing districts of Tamil Nadu.",,"statewide, no district named"
2025-01,https://agritech.tnau.ac.in/crop_protection/pdf/2025/Pest%20Forecast%20report.pdf,"Blast, bacterial leaf blight (BLB) and false smut diseases are observed in major rice growing districts of Tamil Nadu .",,"statewide, no district named"
2025-02,https://agritech.tnau.ac.in/crop_protection/pdf/2025/Pest%20Forecast%20Report-February%202025.pdf,,,no rice blast observation reported
2025-03,https://agritech.tnau.ac.in/crop_protection/pdf/2025/05.%20Pest%20Forecast%20report-March%202025.pdf,,,no rice blast observation reported
2025-04,https://agritech.tnau.ac.in/crop_protection/pdf/2025/05.%20Pest%20Forecast-April%202025.pdf,,,no rice blast observation reported
2025-05,https://agritech.tnau.ac.in/crop_protection/pdf/2025/05.%20Pest%20Forecast%20Report-May%202025.pdf,,,no rice blast observation reported
2025-06,https://agritech.tnau.ac.in/crop_protection/pdf/2025/05.%20Pest%20Forecast%20report-%20June%202025.pdf,,,no rice blast observation reported
2025-07,https://agritech.tnau.ac.in/crop_protection/pdf/2025/05.%20Pest%20forecast%20Report%20-%20July%202025.pdf,,,no rice blast observation reported
2025-08,https://agritech.tnau.ac.in/crop_protection/pdf/2025/05.%20Pest%20Forecast%20Report%20-%20August%202025.pdf,,,no rice blast observation reported
2025-09,https://agritech.tnau.ac.in/crop_protection/pdf/2025/05.%20Pest%20Forecast%20Report%20sep.pdf,,,no rice blast observation reported
2025-10,"https://agritech.tnau.ac.in/crop_protection/pdf/2025/04.%20CPPS%20-Pest_Forecast_report-_Oct_,2025.pdf",,,no rice blast observation reported
2025-11,https://agritech.tnau.ac.in/crop_protection/pdf/2025/04.CPPS-Pest_Forecast_report-_November%202025.pdf,,,no rice blast observation reported
2025-12,https://agritech.tnau.ac.in/crop_protection/pdf/2025/04.%20CPPS%20-Pest_Forecast_report-_December.pdf,Blast and bacterial leaf blight (BLB) diseases are observed in major rice growing districts of Tamil Nadu due to the prevailing weather conditions.,,"statewide, no district named"
2026-01,https://agritech.tnau.ac.in/crop_protection/pdf/2026/04.PSR%20January%202026.pdf,Blast and bacterial leaf blight (BLB) diseases are observed in many rice growing districts of Tamil Nadu due to the prevailing weather conditions.,,"statewide, no district named"
2026-02,https://agritech.tnau.ac.in/crop_protection/pdf/2026/04.PSR%20Report%20Feb%202026.pdf,,,no rice blast observation reported
2026-03,https://agritech.tnau.ac.in/crop_protection/pdf/2026/04.%20Pest_Forecast_report-March%20%2026.pdf,,,no rice blast observation reported
2026-04,https://agritech.tnau.ac.in/crop_protection/pdf/2026/04.%20Pest%20forecost%20April%202026.pdf,,,no rice blast observation reported
2026-05,https://agritech.tnau.ac.in/crop_protection/pdf/2026/04.PDSR%20May%202026.pdf,,,no rice blast observation reported
2026-06,https://agritech.tnau.ac.in/crop_protection/pdf/2026/04.Forecast%20PDSR%20June%202026.pdf,,,no rice blast observation reported
2026-07,https://agritech.tnau.ac.in/crop_protection/pdf/2026/04.Forcast%20PDSR%20July%202026.pdf,,,no rice blast observation reported
2026-08,https://agritech.tnau.ac.in/crop_protection/pdf/2026/02.PDSR%20-%20Report%20Aug%2026.pdf,,,no rice blast observation reported
2026-09,https://agritech.tnau.ac.in/crop_protection/pdf/2026/04.PDSR%20Sep%2026%20(1).pdf,,,no rice blast observation reported
